dir	html	js	css	cjs	data	fetch	shared	puml
databases/Teil01 Grundlagen/database/BWL/Auswahl & Bewertung/Leasing/finanzierungs_sortiermaschine	1	1	0	0	2	1	0	databases/Teil01 Grundlagen/database/BWL/Auswahl & Bewertung/Leasing/finanzierungs_sortiermaschine/__dokumentation/__02_plans/__use_case_diagram.puml
databases/Teil01 Grundlagen/database/BWL/Auswahl & Bewertung/Leasing/leasing_gutachter	1	1	0	1	2	1	0	databases/Teil01 Grundlagen/database/BWL/Auswahl & Bewertung/Leasing/leasing_gutachter/__dokumentation/__02_plans/__use_case_diagram.puml
databases/Teil01 Grundlagen/database/BWL/Auswahl & Bewertung/Leasing/leasing_kalkulator_challenge	1	1	0	1	2	1	0	databases/Teil01 Grundlagen/database/BWL/Auswahl & Bewertung/Leasing/leasing_kalkulator_challenge/__dokumentation/__02_plans/__use_case_diagram.puml
databases/Teil01 Grundlagen/database/BWL/Auswahl & Bewertung/Leasing/risk_finder_das_kleingedruckte	1	1	0	1	2	1	0	databases/Teil01 Grundlagen/database/BWL/Auswahl & Bewertung/Leasing/risk_finder_das_kleingedruckte/__dokumentation/__02_plans/__use_case_diagram.puml
databases/Teil01 Grundlagen/database/BWL/Auswahl & Bewertung/Leasing/startup_cashflow_survival	1	1	1	0	2	1	1	databases/Teil01 Grundlagen/database/BWL/Auswahl & Bewertung/Leasing/startup_cashflow_survival/__dokumentation/__02_plans/__use_case_diagram.puml
databases/Teil01 Grundlagen/database/BWL/Auswahl & Bewertung/Nutzwertanalyse/der_matrix_architekt	1	1	1	0	2	1	1	databases/Teil01 Grundlagen/database/BWL/Auswahl & Bewertung/Nutzwertanalyse/der_matrix_architekt/__dokumentation/__02_plans/__use_case_diagram.puml
databases/Teil01 Grundlagen/database/BWL/Auswahl & Bewertung/Nutzwertanalyse/entscheidungs_detektiv	1	1	1	0	2	1	1	databases/Teil01 Grundlagen/database/BWL/Auswahl & Bewertung/Nutzwertanalyse/entscheidungs_detektiv/__dokumentation/__02_plans/__use_case_diagram.puml
databases/Teil01 Grundlagen/database/BWL/Auswahl & Bewertung/Nutzwertanalyse/fehler_suche_der_korrupte_analyst	1	1	1	0	2	1	1	databases/Teil01 Grundlagen/database/BWL/Auswahl & Bewertung/Nutzwertanalyse/fehler_suche_der_korrupte_analyst/__dokumentation/__02_plans/__use_case_diagram.puml
databases/Teil01 Grundlagen/database/BWL/Auswahl & Bewertung/Nutzwertanalyse/kunden_wunsch_rechner	1	1	1	0	2	1	1	databases/Teil01 Grundlagen/database/BWL/Auswahl & Bewertung/Nutzwertanalyse/kunden_wunsch_rechner/__dokumentation/__02_plans/__use_case_diagram.puml
databases/Teil01 Grundlagen/database/BWL/Auswahl & Bewertung/Nutzwertanalyse/wg_zimmer_challenge	1	1	1	0	2	1	1	databases/Teil01 Grundlagen/database/BWL/Auswahl & Bewertung/Nutzwertanalyse/wg_zimmer_challenge/__dokumentation/__02_plans/__use_case_diagram.puml
databases/Teil01 Grundlagen/database/BWL/Kommunikation & Schulung/4-Ohren-Modell/4ohren_deeskalation	1	1	1	0	2	1	1	databases/Teil01 Grundlagen/database/BWL/Kommunikation & Schulung/4-Ohren-Modell/4ohren_deeskalation/__dokumentation/__02_plans/__use_case_diagram.puml
databases/Teil01 Grundlagen/database/BWL/Kommunikation & Schulung/4-Ohren-Modell/missverstaendnis_match	1	1	1	0	2	1	1	databases/Teil01 Grundlagen/database/BWL/Kommunikation & Schulung/4-Ohren-Modell/missverstaendnis_match/__dokumentation/__02_plans/__use_case_diagram.puml
databases/Teil01 Grundlagen/database/BWL/Kommunikation & Schulung/4-Ohren-Modell/nachricht_scanner_welches_ohr_hort_mit	1	1	1	0	2	1	1	databases/Teil01 Grundlagen/database/BWL/Kommunikation & Schulung/4-Ohren-Modell/nachricht_scanner_welches_ohr_hort_mit/__dokumentation/__02_plans/__use_case_diagram.puml
databases/Teil01 Grundlagen/database/BWL/Kommunikation & Schulung/4-Ohren-Modell/sender_empfaenger_bruecke	1	1	1	0	2	1	1	databases/Teil01 Grundlagen/database/BWL/Kommunikation & Schulung/4-Ohren-Modell/sender_empfaenger_bruecke/__dokumentation/__02_plans/__use_case_diagram.puml
databases/Teil01 Grundlagen/database/BWL/Kommunikation & Schulung/4-Ohren-Modell/vier_ohren_detektiv	1	1	1	0	2	1	0	databases/Teil01 Grundlagen/database/BWL/Kommunikation & Schulung/4-Ohren-Modell/vier_ohren_detektiv/__dokumentation/__02_plans/__use_case_diagram.puml
databases/Teil01 Grundlagen/database/BWL/Projektmanagement & Organisation/Change Management/change_kurve	1	1	1	1	2	1	1	databases/Teil01 Grundlagen/database/BWL/Projektmanagement & Organisation/Change Management/change_kurve/__dokumentation/__02_plans/__use_case_diagram.puml
databases/Teil01 Grundlagen/database/BWL/Projektmanagement & Organisation/Change Management/kommunikations_koffer	1	1	0	1	2	1	0	databases/Teil01 Grundlagen/database/BWL/Projektmanagement & Organisation/Change Management/kommunikations_koffer/__dokumentation/__02_plans/__use_case_diagram.puml
databases/Teil01 Grundlagen/database/BWL/Projektmanagement & Organisation/Change Management/kultur_gaertner	1	1	0	0	2	1	1	databases/Teil01 Grundlagen/database/BWL/Projektmanagement & Organisation/Change Management/kultur_gaertner/__dokumentation/__02_plans/__use_case_diagram.puml
databases/Teil01 Grundlagen/database/BWL/Projektmanagement & Organisation/Change Management/kurve_der_veraenderung	1	1	0	0	2	1	1	databases/Teil01 Grundlagen/database/BWL/Projektmanagement & Organisation/Change Management/kurve_der_veraenderung/__dokumentation/__02_plans/__use_case_diagram.puml
databases/Teil01 Grundlagen/database/BWL/Projektmanagement & Organisation/Change Management/promoter_suche	1	1	0	0	2	1	1	databases/Teil01 Grundlagen/database/BWL/Projektmanagement & Organisation/Change Management/promoter_suche/__dokumentation/__02_plans/__use_case_diagram.puml
databases/Teil01 Grundlagen/database/BWL/Projektmanagement & Organisation/Change Management/widerstands_radar	1	1	1	1	3	1	1	databases/Teil01 Grundlagen/database/BWL/Projektmanagement & Organisation/Change Management/widerstands_radar/__dokumentation/__02_plans/__use_case_diagram.puml
databases/Teil01 Grundlagen/database/BWL/Projektmanagement & Organisation/Fremdvergabe/fremdvergabe_lieferanten_check	1	1	1	1	2	1	1	databases/Teil01 Grundlagen/database/BWL/Projektmanagement & Organisation/Fremdvergabe/fremdvergabe_lieferanten_check/__dokumentation/__02_plans/__use_case_diagram.puml
databases/Teil01 Grundlagen/database/BWL/Projektmanagement & Organisation/Fremdvergabe/fremdvergabe_outsourcing_vertrag	1	1	1	0	2	1	1	databases/Teil01 Grundlagen/database/BWL/Projektmanagement & Organisation/Fremdvergabe/fremdvergabe_outsourcing_vertrag/__dokumentation/__02_plans/__use_case_diagram.puml
databases/Teil01 Grundlagen/database/BWL/Projektmanagement & Organisation/Fremdvergabe/fremdvergabe_risiko_waage	1	1	1	0	2	1	1	databases/Teil01 Grundlagen/database/BWL/Projektmanagement & Organisation/Fremdvergabe/fremdvergabe_risiko_waage/__dokumentation/__02_plans/__use_case_diagram.puml
databases/Teil01 Grundlagen/database/BWL/Projektmanagement & Organisation/Fremdvergabe/fremdvergabe_werkbank	1	1	1	1	2	1	1	databases/Teil01 Grundlagen/database/BWL/Projektmanagement & Organisation/Fremdvergabe/fremdvergabe_werkbank/__dokumentation/__02_plans/__use_case_diagram.puml
databases/Teil01 Grundlagen/database/BWL/Projektmanagement & Organisation/Fremdvergabe/make_or_buy_calculator	1	1	0	0	2	1	1	databases/Teil01 Grundlagen/database/BWL/Projektmanagement & Organisation/Fremdvergabe/make_or_buy_calculator/__dokumentation/__02_plans/__use_case_diagram.puml
databases/Teil02 FIAE/database/Anforderungen, Analyse, Projekt & Prozess/Anforderungsanalyse/anforderungs_sortierer	1	1	1	0	2	1	1	databases/Teil02 FIAE/database/Anforderungen, Analyse, Projekt & Prozess/Anforderungsanalyse/anforderungs_sortierer/__dokumentation/__02_plans/__use_case_diagram.puml
databases/Teil02 FIAE/database/Anforderungen, Analyse, Projekt & Prozess/Anforderungsanalyse/konflikt_loeser	1	1	0	0	2	1	1	databases/Teil02 FIAE/database/Anforderungen, Analyse, Projekt & Prozess/Anforderungsanalyse/konflikt_loeser/__dokumentation/__02_plans/__use_case_diagram.puml
databases/Teil02 FIAE/database/Anforderungen, Analyse, Projekt & Prozess/Anforderungsanalyse/lastenheft_check	1	1	0	0	2	1	1	databases/Teil02 FIAE/database/Anforderungen, Analyse, Projekt & Prozess/Anforderungsanalyse/lastenheft_check/__dokumentation/__02_plans/__use_case_diagram.puml
databases/Teil02 FIAE/database/Anforderungen, Analyse, Projekt & Prozess/Anforderungsanalyse/priorisierungs_pyramide	1	1	0	0	2	1	1	databases/Teil02 FIAE/database/Anforderungen, Analyse, Projekt & Prozess/Anforderungsanalyse/priorisierungs_pyramide/__dokumentation/__02_plans/__use_case_diagram.puml
databases/Teil02 FIAE/database/Anforderungen, Analyse, Projekt & Prozess/Anforderungsanalyse/stakeholder_interviewer	1	1	0	0	2	1	1	databases/Teil02 FIAE/database/Anforderungen, Analyse, Projekt & Prozess/Anforderungsanalyse/stakeholder_interviewer/__dokumentation/__02_plans/__use_case_diagram.puml
databases/Teil02 FIAE/database/Anforderungen, Analyse, Projekt & Prozess/Angebot, Abnahme, Übergabe/Abnahme-Übergabeprozess (Abnahmeprotokoll, Übergabepaket)	1	1	1	0	2	1	1	databases/Teil02 FIAE/database/Anforderungen, Analyse, Projekt & Prozess/Angebot, Abnahme, Übergabe/Abnahme-Übergabeprozess (Abnahmeprotokoll, Übergabepaket)/__dokumentation/__02_plans/__use_case_diagram.puml
databases/Teil02 FIAE/database/Anforderungen, Analyse, Projekt & Prozess/Angebot, Abnahme, Übergabe/Angebot auf Basis Leistungsbeschreibung/angebots_checkliste	1	1	1	0	2	1	1	databases/Teil02 FIAE/database/Anforderungen, Analyse, Projekt & Prozess/Angebot, Abnahme, Übergabe/Angebot auf Basis Leistungsbeschreibung/angebots_checkliste/__dokumentation/__02_plans/__use_case_diagram.puml
databases/Teil02 FIAE/database/Anforderungen, Analyse, Projekt & Prozess/Angebot, Abnahme, Übergabe/Angebot auf Basis Leistungsbeschreibung/angebots_rechner	1	1	1	0	2	1	1	databases/Teil02 FIAE/database/Anforderungen, Analyse, Projekt & Prozess/Angebot, Abnahme, Übergabe/Angebot auf Basis Leistungsbeschreibung/angebots_rechner/__dokumentation/__02_plans/__use_case_diagram.puml
databases/Teil02 FIAE/database/Anforderungen, Analyse, Projekt & Prozess/Bewertung/Kundenfeedback strukturiert aufnehmen und Maßnahmen ableiten	1	1	1	0	2	1	1	databases/Teil02 FIAE/database/Anforderungen, Analyse, Projekt & Prozess/Bewertung/Kundenfeedback strukturiert aufnehmen und Maßnahmen ableiten/__dokumentation/__02_plans/__use_case_diagram.puml
databases/Teil02 FIAE/database/Anforderungen, Analyse, Projekt & Prozess/Bewertung/Skalierbarkeit bewerten	1	1	1	0	2	1	1	databases/Teil02 FIAE/database/Anforderungen, Analyse, Projekt & Prozess/Bewertung/Skalierbarkeit bewerten/__dokumentation/__02_plans/__use_case_diagram.puml
databases/Teil02 FIAE/database/Anforderungen, Analyse, Projekt & Prozess/Bewertung/Verlässlichkeit-Robustheit bewerten	1	1	1	0	2	1	1	databases/Teil02 FIAE/database/Anforderungen, Analyse, Projekt & Prozess/Bewertung/Verlässlichkeit-Robustheit bewerten/__dokumentation/__02_plans/__use_case_diagram.puml
databases/Teil02 FIAE/database/Anforderungen, Analyse, Projekt & Prozess/Change Management/change_curve	1	1	1	0	2	1	1	databases/Teil02 FIAE/database/Anforderungen, Analyse, Projekt & Prozess/Change Management/change_curve/__dokumentation/__02_plans/__use_case_diagram.puml
databases/Teil02 FIAE/database/Anforderungen, Analyse, Projekt & Prozess/Change Management/change_erfolgs_check	1	1	0	0	2	1	1	databases/Teil02 FIAE/database/Anforderungen, Analyse, Projekt & Prozess/Change Management/change_erfolgs_check/__dokumentation/__02_plans/__use_case_diagram.puml
databases/Teil02 FIAE/database/Anforderungen, Analyse, Projekt & Prozess/Change Management/drei_phasen_modell	1	1	0	0	2	1	1	databases/Teil02 FIAE/database/Anforderungen, Analyse, Projekt & Prozess/Change Management/drei_phasen_modell/__dokumentation/__02_plans/__use_case_diagram.puml
databases/Teil02 FIAE/database/Anforderungen, Analyse, Projekt & Prozess/Change Management/kommunikations_kaskade	1	1	0	0	2	1	1	databases/Teil02 FIAE/database/Anforderungen, Analyse, Projekt & Prozess/Change Management/kommunikations_kaskade/__dokumentation/__02_plans/__use_case_diagram.puml
databases/Teil02 FIAE/database/Anforderungen, Analyse, Projekt & Prozess/Change Management/widerstands_baendiger	1	1	0	0	2	1	1	databases/Teil02 FIAE/database/Anforderungen, Analyse, Projekt & Prozess/Change Management/widerstands_baendiger/__dokumentation/__02_plans/__use_case_diagram.puml
databases/Teil02 FIAE/database/Anforderungen, Analyse, Projekt & Prozess/Dokumentation/doku_zielgruppen_match	1	1	1	0	2	1	1	databases/Teil02 FIAE/database/Anforderungen, Analyse, Projekt & Prozess/Dokumentation/doku_zielgruppen_match/__dokumentation/__02_plans/__use_case_diagram.puml
databases/Teil02 FIAE/database/Anforderungen, Analyse, Projekt & Prozess/Dokumentation/readme_check	1	1	1	0	2	1	1	databases/Teil02 FIAE/database/Anforderungen, Analyse, Projekt & Prozess/Dokumentation/readme_check/__dokumentation/__02_plans/__use_case_diagram.puml
databases/Teil02 FIAE/database/Anforderungen, Analyse, Projekt & Prozess/Fremdvergabe	1	1	1	0	2	1	1	databases/Teil02 FIAE/database/Anforderungen, Analyse, Projekt & Prozess/Fremdvergabe/__dokumentation/__02_plans/__use_case_diagram.puml
databases/Teil02 FIAE/database/Anforderungen, Analyse, Projekt & Prozess/Lösungsfindung & Entscheidung/Lösungsvarianten entwickeln und nach Kriterien vergleichen	1	1	1	0	2	1	1	databases/Teil02 FIAE/database/Anforderungen, Analyse, Projekt & Prozess/Lösungsfindung & Entscheidung/Lösungsvarianten entwickeln und nach Kriterien vergleichen/__dokumentation/__02_plans/__use_case_diagram.puml
databases/Teil02 FIAE/database/Anforderungen, Analyse, Projekt & Prozess/Machbarkeitsanalyse [Ab hier abwärts neue Strategie angewandt]	1	1	1	0	2	1	1	databases/Teil02 FIAE/database/Anforderungen, Analyse, Projekt & Prozess/Machbarkeitsanalyse [Ab hier abwärts neue Strategie angewandt]/__dokumentation/__02_plans/__use_case_diagram.puml
databases/Teil02 FIAE/database/Anforderungen, Analyse, Projekt & Prozess/Projektmanagement _	1	1	1	0	2	1	1	databases/Teil02 FIAE/database/Anforderungen, Analyse, Projekt & Prozess/Projektmanagement _/__dokumentation/__02_plans/__use_case_diagram.puml
databases/Teil02 FIAE/database/Anforderungen, Analyse, Projekt & Prozess/Protokoll anfertigen _/eskalations_protokoll	1	1	1	0	2	1	0	databases/Teil02 FIAE/database/Anforderungen, Analyse, Projekt & Prozess/Protokoll anfertigen _/eskalations_protokoll/__dokumentation/__02_plans/__use_case_diagram.puml
databases/Teil02 FIAE/database/Anforderungen, Analyse, Projekt & Prozess/Protokoll anfertigen _/inhalts_check	1	1	1	0	2	1	0	databases/Teil02 FIAE/database/Anforderungen, Analyse, Projekt & Prozess/Protokoll anfertigen _/inhalts_check/__dokumentation/__02_plans/__use_case_diagram.puml
databases/Teil02 FIAE/database/Anforderungen, Analyse, Projekt & Prozess/Protokoll anfertigen _/protokoll_arten_sortierer	1	1	1	0	2	1	1	databases/Teil02 FIAE/database/Anforderungen, Analyse, Projekt & Prozess/Protokoll anfertigen _/protokoll_arten_sortierer/__dokumentation/__02_plans/__use_case_diagram.puml
databases/Teil02 FIAE/database/Anforderungen, Analyse, Projekt & Prozess/Protokoll anfertigen _/verteiler_puzzle	1	1	1	1	2	1	0	databases/Teil02 FIAE/database/Anforderungen, Analyse, Projekt & Prozess/Protokoll anfertigen _/verteiler_puzzle/__dokumentation/__02_plans/__use_case_diagram.puml
databases/Teil02 FIAE/database/Anforderungen, Analyse, Projekt & Prozess/Protokoll anfertigen _/vom_gespraech_zum_punkt	1	1	1	0	2	1	0	databases/Teil02 FIAE/database/Anforderungen, Analyse, Projekt & Prozess/Protokoll anfertigen _/vom_gespraech_zum_punkt/__dokumentation/__02_plans/__use_case_diagram.puml
databases/Teil02 FIAE/database/Anforderungen, Analyse, Projekt & Prozess/Prozessanalyse _/aktivitaeten_sortierer	1	1	1	0	2	1	0	databases/Teil02 FIAE/database/Anforderungen, Analyse, Projekt & Prozess/Prozessanalyse _/aktivitaeten_sortierer/__dokumentation/__02_plans/__use_case_diagram.puml
databases/Teil02 FIAE/database/Anforderungen, Analyse, Projekt & Prozess/Prozessanalyse _/durchlaufzeit_rechner	1	1	1	0	2	1	0	databases/Teil02 FIAE/database/Anforderungen, Analyse, Projekt & Prozess/Prozessanalyse _/durchlaufzeit_rechner/__dokumentation/__02_plans/__use_case_diagram.puml
databases/Teil02 FIAE/database/Anforderungen, Analyse, Projekt & Prozess/Prozessanalyse _/ist_zustand_detektiv	1	1	1	0	2	1	1	databases/Teil02 FIAE/database/Anforderungen, Analyse, Projekt & Prozess/Prozessanalyse _/ist_zustand_detektiv/__dokumentation/__02_plans/__use_case_diagram.puml
databases/Teil02 FIAE/database/Anforderungen, Analyse, Projekt & Prozess/Prozessanalyse _/prozess_schnittstellen	1	1	1	0	2	1	0	databases/Teil02 FIAE/database/Anforderungen, Analyse, Projekt & Prozess/Prozessanalyse _/prozess_schnittstellen/__dokumentation/__02_plans/__use_case_diagram.puml
databases/Teil02 FIAE/database/Anforderungen, Analyse, Projekt & Prozess/Prozessanalyse _/rollen_zuweiser	1	1	1	0	2	1	0	databases/Teil02 FIAE/database/Anforderungen, Analyse, Projekt & Prozess/Prozessanalyse _/rollen_zuweiser/__dokumentation/__02_plans/__use_case_diagram.puml
databases/Teil02 FIAE/database/Anforderungen, Analyse, Projekt & Prozess/Stakeholder/interessen_profiler	1	1	0	0	2	1	1	databases/Teil02 FIAE/database/Anforderungen, Analyse, Projekt & Prozess/Stakeholder/interessen_profiler/__dokumentation/__02_plans/__use_case_diagram.puml
databases/Teil02 FIAE/database/Anforderungen, Analyse, Projekt & Prozess/Stakeholder/interview_simulator	1	1	0	0	2	1	1	databases/Teil02 FIAE/database/Anforderungen, Analyse, Projekt & Prozess/Stakeholder/interview_simulator/__dokumentation/__02_plans/__use_case_diagram.puml
databases/Teil02 FIAE/database/Anforderungen, Analyse, Projekt & Prozess/Stakeholder/konflikt_navi	1	1	0	0	2	1	1	databases/Teil02 FIAE/database/Anforderungen, Analyse, Projekt & Prozess/Stakeholder/konflikt_navi/__dokumentation/__02_plans/__use_case_diagram.puml
databases/Teil02 FIAE/database/Anforderungen, Analyse, Projekt & Prozess/Stakeholder/promotoren_opponenten_netz	1	1	0	0	2	1	1	databases/Teil02 FIAE/database/Anforderungen, Analyse, Projekt & Prozess/Stakeholder/promotoren_opponenten_netz/__dokumentation/__02_plans/__use_case_diagram.puml
databases/Teil02 FIAE/database/Anforderungen, Analyse, Projekt & Prozess/Stakeholder/stakeholder_mapping	1	1	1	0	2	1	1	databases/Teil02 FIAE/database/Anforderungen, Analyse, Projekt & Prozess/Stakeholder/stakeholder_mapping/__dokumentation/__02_plans/__use_case_diagram.puml
databases/Teil02 FIAE/database/Anforderungen, Analyse, Projekt & Prozess/Ticketsystem/priorisierungs_butler	1	1	1	0	2	1	0	databases/Teil02 FIAE/database/Anforderungen, Analyse, Projekt & Prozess/Ticketsystem/priorisierungs_butler/__dokumentation/__02_plans/__use_case_diagram.puml
databases/Teil02 FIAE/database/Anforderungen, Analyse, Projekt & Prozess/Ticketsystem/sla_timer_kampf	1	1	1	0	2	1	0	databases/Teil02 FIAE/database/Anforderungen, Analyse, Projekt & Prozess/Ticketsystem/sla_timer_kampf/__dokumentation/__02_plans/__use_case_diagram.puml
databases/Teil02 FIAE/database/Anforderungen, Analyse, Projekt & Prozess/Ticketsystem/ticket_schreiber_profi	1	1	1	0	2	1	0	databases/Teil02 FIAE/database/Anforderungen, Analyse, Projekt & Prozess/Ticketsystem/ticket_schreiber_profi/__dokumentation/__02_plans/__use_case_diagram.puml
databases/Teil02 FIAE/database/Anforderungen, Analyse, Projekt & Prozess/Ticketsystem/ticket_status_labyrinth	1	1	1	0	2	1	1	databases/Teil02 FIAE/database/Anforderungen, Analyse, Projekt & Prozess/Ticketsystem/ticket_status_labyrinth/__dokumentation/__02_plans/__use_case_diagram.puml
databases/Teil02 FIAE/database/Anforderungen, Analyse, Projekt & Prozess/Ticketsystem/zuweisungs_meister	1	1	1	0	2	1	0	databases/Teil02 FIAE/database/Anforderungen, Analyse, Projekt & Prozess/Ticketsystem/zuweisungs_meister/__dokumentation/__02_plans/__use_case_diagram.puml
databases/Teil02 FIAE/database/Anforderungen, Analyse, Projekt & Prozess/Umfeldanalyse	1	1	1	0	2	1	1	databases/Teil02 FIAE/database/Anforderungen, Analyse, Projekt & Prozess/Umfeldanalyse/__dokumentation/__02_plans/__use_case_diagram.puml
databases/Teil02 FIAE/database/Anforderungen, Analyse, Projekt & Prozess/User-Stories	1	1	1	0	2	1	1	databases/Teil02 FIAE/database/Anforderungen, Analyse, Projekt & Prozess/User-Stories/__dokumentation/__02_plans/__use_case_diagram.puml
databases/Teil02 FIAE/database/Anforderungen, Analyse, Projekt & Prozess/Workshop _/moderations_master	1	1	1	0	2	1	1	databases/Teil02 FIAE/database/Anforderungen, Analyse, Projekt & Prozess/Workshop _/moderations_master/__dokumentation/__02_plans/__use_case_diagram.puml
databases/Teil02 FIAE/database/Anforderungen, Analyse, Projekt & Prozess/Workshop _/workshop_agenda_puzzle	1	1	1	1	2	1	0	databases/Teil02 FIAE/database/Anforderungen, Analyse, Projekt & Prozess/Workshop _/workshop_agenda_puzzle/__dokumentation/__02_plans/__use_case_diagram.puml
databases/Teil02 FIAE/database/Architektur & Patterns/Architektur-„Schubladen“ für AP2/Dependency Injection (Grundidee: warum hilft das beim Testen?)	1	1	1	0	2	1	1	databases/Teil02 FIAE/database/Architektur & Patterns/Architektur-„Schubladen“ für AP2/Dependency Injection (Grundidee: warum hilft das beim Testen?)/__dokumentation/__02_plans/__use_case_diagram.puml
databases/Teil02 FIAE/database/Architektur & Patterns/Architektur-„Schubladen“ für AP2/MVC-MVVM (Grundidee, wann sinnvoll)	1	1	1	0	2	1	1	databases/Teil02 FIAE/database/Architektur & Patterns/Architektur-„Schubladen“ für AP2/MVC-MVVM (Grundidee, wann sinnvoll)/__dokumentation/__02_plans/__use_case_diagram.puml
databases/Teil02 FIAE/database/Architektur & Patterns/Design Patterns	1	1	1	0	2	1	1	databases/Teil02 FIAE/database/Architektur & Patterns/Design Patterns/__dokumentation/__02_plans/__use_case_diagram.puml
databases/Teil02 FIAE/database/Architektur & Patterns/Observer (Pattern)	1	1	1	0	2	1	1	databases/Teil02 FIAE/database/Architektur & Patterns/Observer (Pattern)/__dokumentation/__02_plans/__use_case_diagram.puml
databases/Teil02 FIAE/database/Architektur & Patterns/Patterns (konkreter als „Design Patterns“)/Adapter	1	1	1	0	2	1	1	databases/Teil02 FIAE/database/Architektur & Patterns/Patterns (konkreter als „Design Patterns“)/Adapter/__dokumentation/__02_plans/__use_case_diagram.puml
databases/Teil02 FIAE/database/Architektur & Patterns/Patterns (konkreter als „Design Patterns“)/Decorator	1	1	1	0	2	1	1	databases/Teil02 FIAE/database/Architektur & Patterns/Patterns (konkreter als „Design Patterns“)/Decorator/__dokumentation/__02_plans/__use_case_diagram.puml
databases/Teil02 FIAE/database/Architektur & Patterns/Patterns (konkreter als „Design Patterns“)/Factory	1	1	1	0	2	1	1	databases/Teil02 FIAE/database/Architektur & Patterns/Patterns (konkreter als „Design Patterns“)/Factory/__dokumentation/__02_plans/__use_case_diagram.puml
databases/Teil02 FIAE/database/Architektur & Patterns/Patterns (konkreter als „Design Patterns“)/Repository	1	1	1	0	2	1	1	databases/Teil02 FIAE/database/Architektur & Patterns/Patterns (konkreter als „Design Patterns“)/Repository/__dokumentation/__02_plans/__use_case_diagram.puml
databases/Teil02 FIAE/database/Architektur & Patterns/Patterns (konkreter als „Design Patterns“)/Singleton	1	1	1	0	2	1	1	databases/Teil02 FIAE/database/Architektur & Patterns/Patterns (konkreter als „Design Patterns“)/Singleton/__dokumentation/__02_plans/__use_case_diagram.puml
databases/Teil02 FIAE/database/Architektur & Patterns/Patterns (konkreter als „Design Patterns“)/Strategy	1	1	1	0	2	1	1	databases/Teil02 FIAE/database/Architektur & Patterns/Patterns (konkreter als „Design Patterns“)/Strategy/__dokumentation/__02_plans/__use_case_diagram.puml
databases/Teil02 FIAE/database/Architektur & Patterns/Schichtenarchitektur	1	1	1	0	2	1	1	databases/Teil02 FIAE/database/Architektur & Patterns/Schichtenarchitektur/__dokumentation/__02_plans/__use_case_diagram.puml
databases/Teil02 FIAE/database/Datenbanken & SQL/Anomalien	1	1	1	0	3	1	1	databases/Teil02 FIAE/database/Datenbanken & SQL/Anomalien/__dokumentation/__02_plans/__use_case_diagram.puml
databases/Teil02 FIAE/database/Datenbanken & SQL/CREATE TABLE	1	1	1	0	3	1	1	databases/Teil02 FIAE/database/Datenbanken & SQL/CREATE TABLE/__dokumentation/__02_plans/__use_case_diagram.puml
databases/Teil02 FIAE/database/Datenbanken & SQL/Datenimport	1	1	1	0	3	1	1	databases/Teil02 FIAE/database/Datenbanken & SQL/Datenimport/__dokumentation/__02_plans/__use_case_diagram.puml
databases/Teil02 FIAE/database/Datenbanken & SQL/Datenqualität	1	1	1	0	3	1	1	databases/Teil02 FIAE/database/Datenbanken & SQL/Datenqualität/__dokumentation/__02_plans/__use_case_diagram.puml
databases/Teil02 FIAE/database/Datenbanken & SQL/Datentypen	1	1	1	0	3	1	1	databases/Teil02 FIAE/database/Datenbanken & SQL/Datentypen/__dokumentation/__02_plans/__use_case_diagram.puml
databases/Teil02 FIAE/database/Datenbanken & SQL/DELETE	1	1	1	0	3	1	1	databases/Teil02 FIAE/database/Datenbanken & SQL/DELETE/__dokumentation/__02_plans/__use_case_diagram.puml
databases/Teil02 FIAE/database/Datenbanken & SQL/Dokumentenorientierte Datenbank	1	1	1	1	3	1	0	databases/Teil02 FIAE/database/Datenbanken & SQL/Dokumentenorientierte Datenbank/__dokumentation/__02_plans/__use_case_diagram.puml
databases/Teil02 FIAE/database/Datenbanken & SQL/GRANT	1	1	1	0	3	1	1	databases/Teil02 FIAE/database/Datenbanken & SQL/GRANT/__dokumentation/__02_plans/__use_case_diagram.puml
databases/Teil02 FIAE/database/Datenbanken & SQL/Index	1	1	1	0	3	1	1	databases/Teil02 FIAE/database/Datenbanken & SQL/Index/__dokumentation/__02_plans/__use_case_diagram.puml
databases/Teil02 FIAE/database/Datenbanken & SQL/INSERT	1	1	1	0	3	1	1	databases/Teil02 FIAE/database/Datenbanken & SQL/INSERT/__dokumentation/__02_plans/__use_case_diagram.puml
databases/Teil02 FIAE/database/Datenbanken & SQL/Redundanz	1	1	1	0	3	1	1	databases/Teil02 FIAE/database/Datenbanken & SQL/Redundanz/__dokumentation/__02_plans/__use_case_diagram.puml
databases/Teil02 FIAE/database/Datenbanken & SQL/REVOKE	1	1	1	0	3	1	1	databases/Teil02 FIAE/database/Datenbanken & SQL/REVOKE/__dokumentation/__02_plans/__use_case_diagram.puml
databases/Teil02 FIAE/database/Datenbanken & SQL/SELECT	1	1	1	0	3	1	1	databases/Teil02 FIAE/database/Datenbanken & SQL/SELECT/__dokumentation/__02_plans/__use_case_diagram.puml
databases/Teil02 FIAE/database/Datenbanken & SQL/SQL (allgemein)	1	1	1	0	3	1	1	databases/Teil02 FIAE/database/Datenbanken & SQL/SQL (allgemein)/__dokumentation/__02_plans/__use_case_diagram.puml
databases/Teil02 FIAE/database/Datenbanken & SQL/SQL-Abfragen (über Basics hinaus)/JOINs (INNER-LEFT) praxisnah	1	1	1	1	2	1	0	databases/Teil02 FIAE/database/Datenbanken & SQL/SQL-Abfragen (über Basics hinaus)/JOINs (INNER-LEFT) praxisnah/__dokumentation/__02_plans/__use_case_diagram.puml
databases/Teil02 FIAE/database/Datenbanken & SQL/Stored Procedures	1	1	1	0	3	1	1	databases/Teil02 FIAE/database/Datenbanken & SQL/Stored Procedures/__dokumentation/__02_plans/__use_case_diagram.puml
databases/Teil02 FIAE/database/Datenbanken & SQL/Transaktionen	1	1	1	0	3	1	1	databases/Teil02 FIAE/database/Datenbanken & SQL/Transaktionen/__dokumentation/__02_plans/__use_case_diagram.puml
databases/Teil02 FIAE/database/Datenbanken & SQL/Trigger	1	1	1	0	3	1	1	databases/Teil02 FIAE/database/Datenbanken & SQL/Trigger/__dokumentation/__02_plans/__use_case_diagram.puml
databases/Teil02 FIAE/database/Datenbanken & SQL/UNION	1	1	1	0	3	1	1	databases/Teil02 FIAE/database/Datenbanken & SQL/UNION/__dokumentation/__02_plans/__use_case_diagram.puml
databases/Teil02 FIAE/database/Datenbanken & SQL/UPDATE	1	1	1	0	3	1	1	databases/Teil02 FIAE/database/Datenbanken & SQL/UPDATE/__dokumentation/__02_plans/__use_case_diagram.puml
databases/Teil02 FIAE/database/Modellierung & Diagramme/ERM (Entity-Relationship-Modell)	1	1	1	0	2	1	1	databases/Teil02 FIAE/database/Modellierung & Diagramme/ERM (Entity-Relationship-Modell)/__dokumentation/__02_plans/__use_case_diagram.puml
databases/Teil02 FIAE/database/Modellierung & Diagramme/Relationales Datenmodell	1	1	1	0	2	1	1	databases/Teil02 FIAE/database/Modellierung & Diagramme/Relationales Datenmodell/__dokumentation/__02_plans/__use_case_diagram.puml
databases/Teil02 FIAE/database/Modellierung & Diagramme/UML: Aktivitätsdiagramm	1	1	1	0	2	1	1	databases/Teil02 FIAE/database/Modellierung & Diagramme/UML: Aktivitätsdiagramm/__dokumentation/__02_plans/__use_case_diagram.puml
databases/Teil02 FIAE/database/Modellierung & Diagramme/UML: Klassdiagramm	1	1	1	0	2	1	1	databases/Teil02 FIAE/database/Modellierung & Diagramme/UML: Klassdiagramm/__dokumentation/__02_plans/__use_case_diagram.puml
databases/Teil02 FIAE/database/Modellierung & Diagramme/UML: Sequenzdiagramm	1	1	1	0	2	1	1	databases/Teil02 FIAE/database/Modellierung & Diagramme/UML: Sequenzdiagramm/__dokumentation/__02_plans/__use_case_diagram.puml
databases/Teil02 FIAE/database/Modellierung & Diagramme/UML: Use-Case-Diagramm	1	1	1	0	2	1	1	databases/Teil02 FIAE/database/Modellierung & Diagramme/UML: Use-Case-Diagramm/__dokumentation/__02_plans/__use_case_diagram.puml
databases/Teil02 FIAE/database/Modellierung & Diagramme/UML: Zustandsdiagramm	1	1	1	0	2	1	1	databases/Teil02 FIAE/database/Modellierung & Diagramme/UML: Zustandsdiagramm/__dokumentation/__02_plans/__use_case_diagram.puml
